DATA_MC|KOD_WOJ|WOJEWODZTWO|PLEC|WIEK|LICZBA
2024-02|02|WOJ. DOLNOŒL¥SKIE|K|48|6
2024-02|02|WOJ. DOLNOŒL¥SKIE|K|38|11
2024-02|02|WOJ. DOLNOŒL¥SKIE|K|56|5
2024-02|02|WOJ. DOLNOŒL¥SKIE|K|19|407
2024-02|02|WOJ. DOLNOŒL¥SKIE|K|28|23
2024-02|02|WOJ. DOLNOŒL¥SKIE|K|36|19
2024-02|02|WOJ. DOLNOŒL¥SKIE|K|46|2
2024-02|02|WOJ. DOLNOŒL¥SKIE|K|17|1
2024-02|02|WOJ. DOLNOŒL¥SKIE|K|53|1
2024-02|02|WOJ. DOLNOŒL¥SKIE|K|34|12
2024-02|02|WOJ. DOLNOŒL¥SKIE|K|44|5
2024-02|02|WOJ. DOLNOŒL¥SKIE|K|35|13
2024-02|02|WOJ. DOLNOŒL¥SKIE|K|43|6
2024-02|02|WOJ. DOLNOŒL¥SKIE|K|42|10
2024-02|02|WOJ. DOLNOŒL¥SKIE|K|16|1
2024-02|02|WOJ. DOLNOŒL¥SKIE|K|20|101
2024-02|02|WOJ. DOLNOŒL¥SKIE|K|25|15
2024-02|02|WOJ. DOLNOŒL¥SKIE|K|21|33
2024-02|02|WOJ. DOLNOŒL¥SKIE|K|24|25
2024-02|02|WOJ. DOLNOŒL¥SKIE|K|40|9
2024-02|02|WOJ. DOLNOŒL¥SKIE|K|69|1
2024-02|02|WOJ. DOLNOŒL¥SKIE|K|23|26
2024-02|02|WOJ. DOLNOŒL¥SKIE|K|30|24
2024-02|02|WOJ. DOLNOŒL¥SKIE|K|33|15
2024-02|02|WOJ. DOLNOŒL¥SKIE|K|45|10
2024-02|02|WOJ. DOLNOŒL¥SKIE|K|62|2
2024-02|02|WOJ. DOLNOŒL¥SKIE|K|22|28
2024-02|02|WOJ. DOLNOŒL¥SKIE|K|54|4
2024-02|02|WOJ. DOLNOŒL¥SKIE|K|18|121
2024-02|02|WOJ. DOLNOŒL¥SKIE|K|49|5
2024-02|02|WOJ. DOLNOŒL¥SKIE|K|32|14
2024-02|02|WOJ. DOLNOŒL¥SKIE|K|29|22
2024-02|02|WOJ. DOLNOŒL¥SKIE|K|39|8
2024-02|02|WOJ. DOLNOŒL¥SKIE|K|51|2
2024-02|02|WOJ. DOLNOŒL¥SKIE|K|26|12
2024-02|02|WOJ. DOLNOŒL¥SKIE|K|41|14
2024-02|02|WOJ. DOLNOŒL¥SKIE|K|47|2
2024-02|02|WOJ. DOLNOŒL¥SKIE|K|50|6
2024-02|02|WOJ. DOLNOŒL¥SKIE|K|63|1
2024-02|02|WOJ. DOLNOŒL¥SKIE|K|31|10
2024-02|02|WOJ. DOLNOŒL¥SKIE|K|37|12
2024-02|02|WOJ. DOLNOŒL¥SKIE|K|27|19
2024-02|02|WOJ. DOLNOŒL¥SKIE|K|55|2
2024-02|02|WOJ. DOLNOŒL¥SKIE|K|58|2
2024-02|02|WOJ. DOLNOŒL¥SKIE|K|57|1
2024-02|02|WOJ. DOLNOŒL¥SKIE|K|60|1
2024-02|02|WOJ. DOLNOŒL¥SKIE|K|64|1
2024-02|02|WOJ. DOLNOŒL¥SKIE|K|52|1
2024-02|02|WOJ. DOLNOŒL¥SKIE|M|16|2
2024-02|02|WOJ. DOLNOŒL¥SKIE|M|43|3
2024-02|02|WOJ. DOLNOŒL¥SKIE|M|67|1
2024-02|02|WOJ. DOLNOŒL¥SKIE|M|28|11
2024-02|02|WOJ. DOLNOŒL¥SKIE|M|23|29
2024-02|02|WOJ. DOLNOŒL¥SKIE|M|41|7
2024-02|02|WOJ. DOLNOŒL¥SKIE|M|19|454
2024-02|02|WOJ. DOLNOŒL¥SKIE|M|33|12
2024-02|02|WOJ. DOLNOŒL¥SKIE|M|27|17
2024-02|02|WOJ. DOLNOŒL¥SKIE|M|44|2
2024-02|02|WOJ. DOLNOŒL¥SKIE|M|32|13
2024-02|02|WOJ. DOLNOŒL¥SKIE|M|25|26
2024-02|02|WOJ. DOLNOŒL¥SKIE|M|20|114
2024-02|02|WOJ. DOLNOŒL¥SKIE|M|48|4
2024-02|02|WOJ. DOLNOŒL¥SKIE|M|46|3
2024-02|02|WOJ. DOLNOŒL¥SKIE|M|61|1
2024-02|02|WOJ. DOLNOŒL¥SKIE|M|24|22
2024-02|02|WOJ. DOLNOŒL¥SKIE|M|50|1
2024-02|02|WOJ. DOLNOŒL¥SKIE|M|49|2
2024-02|02|WOJ. DOLNOŒL¥SKIE|M|40|12
2024-02|02|WOJ. DOLNOŒL¥SKIE|M|29|17
2024-02|02|WOJ. DOLNOŒL¥SKIE|M|36|8
2024-02|02|WOJ. DOLNOŒL¥SKIE|M|21|50
2024-02|02|WOJ. DOLNOŒL¥SKIE|M|59|1
2024-02|02|WOJ. DOLNOŒL¥SKIE|M|52|2
2024-02|02|WOJ. DOLNOŒL¥SKIE|M|30|11
2024-02|02|WOJ. DOLNOŒL¥SKIE|M|38|5
2024-02|02|WOJ. DOLNOŒL¥SKIE|M|17|2
2024-02|02|WOJ. DOLNOŒL¥SKIE|M|63|1
2024-02|02|WOJ. DOLNOŒL¥SKIE|M|22|29
2024-02|02|WOJ. DOLNOŒL¥SKIE|M|31|20
2024-02|02|WOJ. DOLNOŒL¥SKIE|M|34|12
2024-02|02|WOJ. DOLNOŒL¥SKIE|M|51|2
2024-02|02|WOJ. DOLNOŒL¥SKIE|M|37|13
2024-02|02|WOJ. DOLNOŒL¥SKIE|M|58|1
2024-02|02|WOJ. DOLNOŒL¥SKIE|M|47|5
2024-02|02|WOJ. DOLNOŒL¥SKIE|M|56|1
2024-02|02|WOJ. DOLNOŒL¥SKIE|M|26|17
2024-02|02|WOJ. DOLNOŒL¥SKIE|M|18|178
2024-02|02|WOJ. DOLNOŒL¥SKIE|M|45|8
2024-02|02|WOJ. DOLNOŒL¥SKIE|M|39|5
2024-02|02|WOJ. DOLNOŒL¥SKIE|M|42|4
2024-02|02|WOJ. DOLNOŒL¥SKIE|M|35|10
2024-02|04|WOJ. KUJAWSKO-POMORSKIE|K|51|2
2024-02|04|WOJ. KUJAWSKO-POMORSKIE|K|36|6
2024-02|04|WOJ. KUJAWSKO-POMORSKIE|K|35|7
2024-02|04|WOJ. KUJAWSKO-POMORSKIE|K|41|4
2024-02|04|WOJ. KUJAWSKO-POMORSKIE|K|28|11
2024-02|04|WOJ. KUJAWSKO-POMORSKIE|K|53|1
2024-02|04|WOJ. KUJAWSKO-POMORSKIE|K|47|1
2024-02|04|WOJ. KUJAWSKO-POMORSKIE|K|48|3
2024-02|04|WOJ. KUJAWSKO-POMORSKIE|K|43|4
2024-02|04|WOJ. KUJAWSKO-POMORSKIE|K|46|1
2024-02|04|WOJ. KUJAWSKO-POMORSKIE|K|55|3
2024-02|04|WOJ. KUJAWSKO-POMORSKIE|K|24|10
2024-02|04|WOJ. KUJAWSKO-POMORSKIE|K|31|8
2024-02|04|WOJ. KUJAWSKO-POMORSKIE|K|22|17
2024-02|04|WOJ. KUJAWSKO-POMORSKIE|K|44|5
2024-02|04|WOJ. KUJAWSKO-POMORSKIE|K|32|6
2024-02|04|WOJ. KUJAWSKO-POMORSKIE|K|64|1
2024-02|04|WOJ. KUJAWSKO-POMORSKIE|K|20|48
2024-02|04|WOJ. KUJAWSKO-POMORSKIE|K|21|28
2024-02|04|WOJ. KUJAWSKO-POMORSKIE|K|29|10
2024-02|04|WOJ. KUJAWSKO-POMORSKIE|K|33|4
2024-02|04|WOJ. KUJAWSKO-POMORSKIE|K|37|7
2024-02|04|WOJ. KUJAWSKO-POMORSKIE|K|18|62
2024-02|04|WOJ. KUJAWSKO-POMORSKIE|K|39|7
2024-02|04|WOJ. KUJAWSKO-POMORSKIE|K|27|11
2024-02|04|WOJ. KUJAWSKO-POMORSKIE|K|57|1
2024-02|04|WOJ. KUJAWSKO-POMORSKIE|K|58|1
2024-02|04|WOJ. KUJAWSKO-POMORSKIE|K|52|2
2024-02|04|WOJ. KUJAWSKO-POMORSKIE|K|19|292
2024-02|04|WOJ. KUJAWSKO-POMORSKIE|K|23|13
2024-02|04|WOJ. KUJAWSKO-POMORSKIE|K|25|13
2024-02|04|WOJ. KUJAWSKO-POMORSKIE|K|40|5
2024-02|04|WOJ. KUJAWSKO-POMORSKIE|K|38|2
2024-02|04|WOJ. KUJAWSKO-POMORSKIE|K|45|1
2024-02|04|WOJ. KUJAWSKO-POMORSKIE|K|30|8
2024-02|04|WOJ. KUJAWSKO-POMORSKIE|K|65|1
2024-02|04|WOJ. KUJAWSKO-POMORSKIE|K|42|5
2024-02|04|WOJ. KUJAWSKO-POMORSKIE|K|34|6
2024-02|04|WOJ. KUJAWSKO-POMORSKIE|K|26|9
2024-02|04|WOJ. KUJAWSKO-POMORSKIE|M|44|4
2024-02|04|WOJ. KUJAWSKO-POMORSKIE|M|22|12
2024-02|04|WOJ. KUJAWSKO-POMORSKIE|M|18|119
2024-02|04|WOJ. KUJAWSKO-POMORSKIE|M|21|20
2024-02|04|WOJ. KUJAWSKO-POMORSKIE|M|34|6
2024-02|04|WOJ. KUJAWSKO-POMORSKIE|M|27|9
2024-02|04|WOJ. KUJAWSKO-POMORSKIE|M|33|9
2024-02|04|WOJ. KUJAWSKO-POMORSKIE|M|28|9
2024-02|04|WOJ. KUJAWSKO-POMORSKIE|M|62|1
2024-02|04|WOJ. KUJAWSKO-POMORSKIE|M|26|9
2024-02|04|WOJ. KUJAWSKO-POMORSKIE|M|43|4
2024-02|04|WOJ. KUJAWSKO-POMORSKIE|M|48|1
2024-02|04|WOJ. KUJAWSKO-POMORSKIE|M|25|4
2024-02|04|WOJ. KUJAWSKO-POMORSKIE|M|30|5
2024-02|04|WOJ. KUJAWSKO-POMORSKIE|M|24|6
2024-02|04|WOJ. KUJAWSKO-POMORSKIE|M|53|1
2024-02|04|WOJ. KUJAWSKO-POMORSKIE|M|19|314
2024-02|04|WOJ. KUJAWSKO-POMORSKIE|M|17|16
2024-02|04|WOJ. KUJAWSKO-POMORSKIE|M|36|6
2024-02|04|WOJ. KUJAWSKO-POMORSKIE|M|50|1
2024-02|04|WOJ. KUJAWSKO-POMORSKIE|M|20|63
2024-02|04|WOJ. KUJAWSKO-POMORSKIE|M|29|5
2024-02|04|WOJ. KUJAWSKO-POMORSKIE|M|32|9
2024-02|04|WOJ. KUJAWSKO-POMORSKIE|M|56|1
2024-02|04|WOJ. KUJAWSKO-POMORSKIE|M|41|4
2024-02|04|WOJ. KUJAWSKO-POMORSKIE|M|55|1
2024-02|04|WOJ. KUJAWSKO-POMORSKIE|M|23|10
2024-02|04|WOJ. KUJAWSKO-POMORSKIE|M|16|7
2024-02|04|WOJ. KUJAWSKO-POMORSKIE|M|42|1
2024-02|04|WOJ. KUJAWSKO-POMORSKIE|M|45|4
2024-02|04|WOJ. KUJAWSKO-POMORSKIE|M|40|9
2024-02|04|WOJ. KUJAWSKO-POMORSKIE|M|35|4
2024-02|04|WOJ. KUJAWSKO-POMORSKIE|M|39|3
2024-02|04|WOJ. KUJAWSKO-POMORSKIE|M|46|4
2024-02|04|WOJ. KUJAWSKO-POMORSKIE|M|38|3
2024-02|04|WOJ. KUJAWSKO-POMORSKIE|M|37|3
2024-02|04|WOJ. KUJAWSKO-POMORSKIE|M|31|4
2024-02|06|WOJ. LUBELSKIE|K|26|8
2024-02|06|WOJ. LUBELSKIE|K|34|6
2024-02|06|WOJ. LUBELSKIE|K|50|3
2024-02|06|WOJ. LUBELSKIE|K|30|5
2024-02|06|WOJ. LUBELSKIE|K|39|5
2024-02|06|WOJ. LUBELSKIE|K|33|9
2024-02|06|WOJ. LUBELSKIE|K|56|1
2024-02|06|WOJ. LUBELSKIE|K|28|8
2024-02|06|WOJ. LUBELSKIE|K|41|5
2024-02|06|WOJ. LUBELSKIE|K|44|3
2024-02|06|WOJ. LUBELSKIE|K|18|211
2024-02|06|WOJ. LUBELSKIE|K|54|2
2024-02|06|WOJ. LUBELSKIE|K|35|5
2024-02|06|WOJ. LUBELSKIE|K|23|17
2024-02|06|WOJ. LUBELSKIE|K|42|3
2024-02|06|WOJ. LUBELSKIE|K|27|5
2024-02|06|WOJ. LUBELSKIE|K|36|6
2024-02|06|WOJ. LUBELSKIE|K|57|1
2024-02|06|WOJ. LUBELSKIE|K|46|2
2024-02|06|WOJ. LUBELSKIE|K|51|3
2024-02|06|WOJ. LUBELSKIE|K|48|2
2024-02|06|WOJ. LUBELSKIE|K|37|5
2024-02|06|WOJ. LUBELSKIE|K|31|7
2024-02|06|WOJ. LUBELSKIE|K|62|1
2024-02|06|WOJ. LUBELSKIE|K|53|3
2024-02|06|WOJ. LUBELSKIE|K|52|2
2024-02|06|WOJ. LUBELSKIE|K|25|14
2024-02|06|WOJ. LUBELSKIE|K|22|17
2024-02|06|WOJ. LUBELSKIE|K|43|6
2024-02|06|WOJ. LUBELSKIE|K|17|2
2024-02|06|WOJ. LUBELSKIE|K|38|8
2024-02|06|WOJ. LUBELSKIE|K|47|1
2024-02|06|WOJ. LUBELSKIE|K|19|284
2024-02|06|WOJ. LUBELSKIE|K|20|38
2024-02|06|WOJ. LUBELSKIE|K|49|1
2024-02|06|WOJ. LUBELSKIE|K|63|1
2024-02|06|WOJ. LUBELSKIE|K|29|6
2024-02|06|WOJ. LUBELSKIE|K|21|19
2024-02|06|WOJ. LUBELSKIE|K|24|11
2024-02|06|WOJ. LUBELSKIE|K|40|4
2024-02|06|WOJ. LUBELSKIE|K|32|5
2024-02|06|WOJ. LUBELSKIE|M|19|287
2024-02|06|WOJ. LUBELSKIE|M|28|5
2024-02|06|WOJ. LUBELSKIE|M|44|3
2024-02|06|WOJ. LUBELSKIE|M|26|3
2024-02|06|WOJ. LUBELSKIE|M|17|14
2024-02|06|WOJ. LUBELSKIE|M|27|9
2024-02|06|WOJ. LUBELSKIE|M|20|61
2024-02|06|WOJ. LUBELSKIE|M|31|8
2024-02|06|WOJ. LUBELSKIE|M|43|2
2024-02|06|WOJ. LUBELSKIE|M|33|2
2024-02|06|WOJ. LUBELSKIE|M|30|2
2024-02|06|WOJ. LUBELSKIE|M|49|1
2024-02|06|WOJ. LUBELSKIE|M|39|3
2024-02|06|WOJ. LUBELSKIE|M|41|1
2024-02|06|WOJ. LUBELSKIE|M|45|1
2024-02|06|WOJ. LUBELSKIE|M|38|8
2024-02|06|WOJ. LUBELSKIE|M|53|1
2024-02|06|WOJ. LUBELSKIE|M|22|14
2024-02|06|WOJ. LUBELSKIE|M|24|11
2024-02|06|WOJ. LUBELSKIE|M|23|16
2024-02|06|WOJ. LUBELSKIE|M|47|2
2024-02|06|WOJ. LUBELSKIE|M|37|2
2024-02|06|WOJ. LUBELSKIE|M|21|18
2024-02|06|WOJ. LUBELSKIE|M|25|8
2024-02|06|WOJ. LUBELSKIE|M|32|8
2024-02|06|WOJ. LUBELSKIE|M|35|3
2024-02|06|WOJ. LUBELSKIE|M|50|2
2024-02|06|WOJ. LUBELSKIE|M|46|1
2024-02|06|WOJ. LUBELSKIE|M|34|9
2024-02|06|WOJ. LUBELSKIE|M|18|263
2024-02|06|WOJ. LUBELSKIE|M|29|4
2024-02|06|WOJ. LUBELSKIE|M|51|3
2024-02|06|WOJ. LUBELSKIE|M|63|2
2024-02|06|WOJ. LUBELSKIE|M|42|5
2024-02|06|WOJ. LUBELSKIE|M|36|3
2024-02|06|WOJ. LUBELSKIE|M|16|6
2024-02|06|WOJ. LUBELSKIE|M|48|1
2024-02|08|WOJ. LUBUSKIE|K|29|5
2024-02|08|WOJ. LUBUSKIE|K|49|1
2024-02|08|WOJ. LUBUSKIE|K|30|6
2024-02|08|WOJ. LUBUSKIE|K|22|12
2024-02|08|WOJ. LUBUSKIE|K|42|2
2024-02|08|WOJ. LUBUSKIE|K|38|4
2024-02|08|WOJ. LUBUSKIE|K|52|1
2024-02|08|WOJ. LUBUSKIE|K|17|1
2024-02|08|WOJ. LUBUSKIE|K|51|2
2024-02|08|WOJ. LUBUSKIE|K|24|10
2024-02|08|WOJ. LUBUSKIE|K|31|6
2024-02|08|WOJ. LUBUSKIE|K|27|8
2024-02|08|WOJ. LUBUSKIE|K|23|8
2024-02|08|WOJ. LUBUSKIE|K|36|3
2024-02|08|WOJ. LUBUSKIE|K|18|48
2024-02|08|WOJ. LUBUSKIE|K|37|5
2024-02|08|WOJ. LUBUSKIE|K|21|11
2024-02|08|WOJ. LUBUSKIE|K|53|2
2024-02|08|WOJ. LUBUSKIE|K|32|7
2024-02|08|WOJ. LUBUSKIE|K|34|6
2024-02|08|WOJ. LUBUSKIE|K|45|4
2024-02|08|WOJ. LUBUSKIE|K|47|1
2024-02|08|WOJ. LUBUSKIE|K|55|3
2024-02|08|WOJ. LUBUSKIE|K|25|5
2024-02|08|WOJ. LUBUSKIE|K|35|5
2024-02|08|WOJ. LUBUSKIE|K|57|1
2024-02|08|WOJ. LUBUSKIE|K|19|158
2024-02|08|WOJ. LUBUSKIE|K|39|3
2024-02|08|WOJ. LUBUSKIE|K|40|3
2024-02|08|WOJ. LUBUSKIE|K|26|11
2024-02|08|WOJ. LUBUSKIE|K|33|4
2024-02|08|WOJ. LUBUSKIE|K|50|1
2024-02|08|WOJ. LUBUSKIE|K|64|1
2024-02|08|WOJ. LUBUSKIE|K|20|42
2024-02|08|WOJ. LUBUSKIE|K|28|9
2024-02|08|WOJ. LUBUSKIE|K|43|3
2024-02|08|WOJ. LUBUSKIE|K|56|1
2024-02|08|WOJ. LUBUSKIE|M|19|180
2024-02|08|WOJ. LUBUSKIE|M|45|4
2024-02|08|WOJ. LUBUSKIE|M|34|9
2024-02|08|WOJ. LUBUSKIE|M|30|2
2024-02|08|WOJ. LUBUSKIE|M|33|7
2024-02|08|WOJ. LUBUSKIE|M|26|5
2024-02|08|WOJ. LUBUSKIE|M|55|2
2024-02|08|WOJ. LUBUSKIE|M|43|4
2024-02|08|WOJ. LUBUSKIE|M|21|12
2024-02|08|WOJ. LUBUSKIE|M|24|7
2024-02|08|WOJ. LUBUSKIE|M|38|6
2024-02|08|WOJ. LUBUSKIE|M|42|5
2024-02|08|WOJ. LUBUSKIE|M|28|7
2024-02|08|WOJ. LUBUSKIE|M|22|14
2024-02|08|WOJ. LUBUSKIE|M|54|1
2024-02|08|WOJ. LUBUSKIE|M|29|3
2024-02|08|WOJ. LUBUSKIE|M|47|1
2024-02|08|WOJ. LUBUSKIE|M|32|6
2024-02|08|WOJ. LUBUSKIE|M|51|1
2024-02|08|WOJ. LUBUSKIE|M|57|1
2024-02|08|WOJ. LUBUSKIE|M|48|1
2024-02|08|WOJ. LUBUSKIE|M|27|3
2024-02|08|WOJ. LUBUSKIE|M|41|2
2024-02|08|WOJ. LUBUSKIE|M|23|5
2024-02|08|WOJ. LUBUSKIE|M|52|3
2024-02|08|WOJ. LUBUSKIE|M|25|8
2024-02|08|WOJ. LUBUSKIE|M|37|2
2024-02|08|WOJ. LUBUSKIE|M|17|3
2024-02|08|WOJ. LUBUSKIE|M|39|5
2024-02|08|WOJ. LUBUSKIE|M|49|2
2024-02|08|WOJ. LUBUSKIE|M|35|2
2024-02|08|WOJ. LUBUSKIE|M|36|3
2024-02|08|WOJ. LUBUSKIE|M|31|2
2024-02|08|WOJ. LUBUSKIE|M|53|1
2024-02|08|WOJ. LUBUSKIE|M|40|4
2024-02|08|WOJ. LUBUSKIE|M|20|40
2024-02|08|WOJ. LUBUSKIE|M|18|53
2024-02|10|WOJ. £ÓDZKIE|K|20|51
2024-02|10|WOJ. £ÓDZKIE|K|24|11
2024-02|10|WOJ. £ÓDZKIE|K|33|1
2024-02|10|WOJ. £ÓDZKIE|K|45|1
2024-02|10|WOJ. £ÓDZKIE|K|28|8
2024-02|10|WOJ. £ÓDZKIE|K|49|2
2024-02|10|WOJ. £ÓDZKIE|K|37|2
2024-02|10|WOJ. £ÓDZKIE|K|59|1
2024-02|10|WOJ. £ÓDZKIE|K|55|1
2024-02|10|WOJ. £ÓDZKIE|K|32|9
2024-02|10|WOJ. £ÓDZKIE|K|29|4
2024-02|10|WOJ. £ÓDZKIE|K|38|1
2024-02|10|WOJ. £ÓDZKIE|K|51|2
2024-02|10|WOJ. £ÓDZKIE|K|44|1
2024-02|10|WOJ. £ÓDZKIE|K|47|1
2024-02|10|WOJ. £ÓDZKIE|K|23|20
2024-02|10|WOJ. £ÓDZKIE|K|34|4
2024-02|10|WOJ. £ÓDZKIE|K|48|5
2024-02|10|WOJ. £ÓDZKIE|K|18|137
2024-02|10|WOJ. £ÓDZKIE|K|46|1
2024-02|10|WOJ. £ÓDZKIE|K|42|1
2024-02|10|WOJ. £ÓDZKIE|K|27|10
2024-02|10|WOJ. £ÓDZKIE|K|19|318
2024-02|10|WOJ. £ÓDZKIE|K|21|31
2024-02|10|WOJ. £ÓDZKIE|K|25|10
2024-02|10|WOJ. £ÓDZKIE|K|36|5
2024-02|10|WOJ. £ÓDZKIE|K|31|6
2024-02|10|WOJ. £ÓDZKIE|K|62|1
2024-02|10|WOJ. £ÓDZKIE|K|41|6
2024-02|10|WOJ. £ÓDZKIE|K|54|2
2024-02|10|WOJ. £ÓDZKIE|K|26|11
2024-02|10|WOJ. £ÓDZKIE|K|40|8
2024-02|10|WOJ. £ÓDZKIE|K|16|2
2024-02|10|WOJ. £ÓDZKIE|K|43|3
2024-02|10|WOJ. £ÓDZKIE|K|64|1
2024-02|10|WOJ. £ÓDZKIE|K|35|10
2024-02|10|WOJ. £ÓDZKIE|K|30|11
2024-02|10|WOJ. £ÓDZKIE|K|61|1
2024-02|10|WOJ. £ÓDZKIE|K|22|15
2024-02|10|WOJ. £ÓDZKIE|K|39|5
2024-02|10|WOJ. £ÓDZKIE|K|57|1
2024-02|10|WOJ. £ÓDZKIE|M|18|185
2024-02|10|WOJ. £ÓDZKIE|M|33|3
2024-02|10|WOJ. £ÓDZKIE|M|36|4
2024-02|10|WOJ. £ÓDZKIE|M|23|17
2024-02|10|WOJ. £ÓDZKIE|M|31|6
2024-02|10|WOJ. £ÓDZKIE|M|17|9
2024-02|10|WOJ. £ÓDZKIE|M|26|11
2024-02|10|WOJ. £ÓDZKIE|M|45|2
2024-02|10|WOJ. £ÓDZKIE|M|25|16
2024-02|10|WOJ. £ÓDZKIE|M|35|6
2024-02|10|WOJ. £ÓDZKIE|M|30|5
2024-02|10|WOJ. £ÓDZKIE|M|40|7
2024-02|10|WOJ. £ÓDZKIE|M|34|2
2024-02|10|WOJ. £ÓDZKIE|M|54|1
2024-02|10|WOJ. £ÓDZKIE|M|49|1
2024-02|10|WOJ. £ÓDZKIE|M|21|29
2024-02|10|WOJ. £ÓDZKIE|M|50|3
2024-02|10|WOJ. £ÓDZKIE|M|43|7
2024-02|10|WOJ. £ÓDZKIE|M|73|6
2024-02|10|WOJ. £ÓDZKIE|M|41|7
2024-02|10|WOJ. £ÓDZKIE|M|28|7
2024-02|10|WOJ. £ÓDZKIE|M|22|26
2024-02|10|WOJ. £ÓDZKIE|M|27|9
2024-02|10|WOJ. £ÓDZKIE|M|37|2
2024-02|10|WOJ. £ÓDZKIE|M|19|354
2024-02|10|WOJ. £ÓDZKIE|M|39|5
2024-02|10|WOJ. £ÓDZKIE|M|24|6
2024-02|10|WOJ. £ÓDZKIE|M|47|1
2024-02|10|WOJ. £ÓDZKIE|M|16|1
2024-02|10|WOJ. £ÓDZKIE|M|42|5
2024-02|10|WOJ. £ÓDZKIE|M|38|2
2024-02|10|WOJ. £ÓDZKIE|M|48|2
2024-02|10|WOJ. £ÓDZKIE|M|44|2
2024-02|10|WOJ. £ÓDZKIE|M|60|1
2024-02|10|WOJ. £ÓDZKIE|M|29|7
2024-02|10|WOJ. £ÓDZKIE|M|32|5
2024-02|10|WOJ. £ÓDZKIE|M|51|1
2024-02|10|WOJ. £ÓDZKIE|M|20|57
2024-02|12|WOJ. MA£OPOLSKIE|K|39|8
2024-02|12|WOJ. MA£OPOLSKIE|K|18|197
2024-02|12|WOJ. MA£OPOLSKIE|K|53|3
2024-02|12|WOJ. MA£OPOLSKIE|K|24|13
2024-02|12|WOJ. MA£OPOLSKIE|K|35|7
2024-02|12|WOJ. MA£OPOLSKIE|K|19|555
2024-02|12|WOJ. MA£OPOLSKIE|K|21|40
2024-02|12|WOJ. MA£OPOLSKIE|K|58|1
2024-02|12|WOJ. MA£OPOLSKIE|K|41|6
2024-02|12|WOJ. MA£OPOLSKIE|K|52|4
2024-02|12|WOJ. MA£OPOLSKIE|K|25|17
2024-02|12|WOJ. MA£OPOLSKIE|K|49|4
2024-02|12|WOJ. MA£OPOLSKIE|K|45|1
2024-02|12|WOJ. MA£OPOLSKIE|K|20|83
2024-02|12|WOJ. MA£OPOLSKIE|K|32|11
2024-02|12|WOJ. MA£OPOLSKIE|K|51|5
2024-02|12|WOJ. MA£OPOLSKIE|K|42|10
2024-02|12|WOJ. MA£OPOLSKIE|K|33|14
2024-02|12|WOJ. MA£OPOLSKIE|K|50|3
2024-02|12|WOJ. MA£OPOLSKIE|K|47|3
2024-02|12|WOJ. MA£OPOLSKIE|K|16|1
2024-02|12|WOJ. MA£OPOLSKIE|K|26|20
2024-02|12|WOJ. MA£OPOLSKIE|K|28|19
2024-02|12|WOJ. MA£OPOLSKIE|K|36|10
2024-02|12|WOJ. MA£OPOLSKIE|K|29|15
2024-02|12|WOJ. MA£OPOLSKIE|K|17|5
2024-02|12|WOJ. MA£OPOLSKIE|K|43|7
2024-02|12|WOJ. MA£OPOLSKIE|K|44|6
2024-02|12|WOJ. MA£OPOLSKIE|K|37|3
2024-02|12|WOJ. MA£OPOLSKIE|K|57|2
2024-02|12|WOJ. MA£OPOLSKIE|K|34|12
2024-02|12|WOJ. MA£OPOLSKIE|K|22|26
2024-02|12|WOJ. MA£OPOLSKIE|K|23|25
2024-02|12|WOJ. MA£OPOLSKIE|K|38|5
2024-02|12|WOJ. MA£OPOLSKIE|K|27|12
2024-02|12|WOJ. MA£OPOLSKIE|K|55|3
2024-02|12|WOJ. MA£OPOLSKIE|K|46|1
2024-02|12|WOJ. MA£OPOLSKIE|K|40|1
2024-02|12|WOJ. MA£OPOLSKIE|K|56|3
2024-02|12|WOJ. MA£OPOLSKIE|K|31|16
2024-02|12|WOJ. MA£OPOLSKIE|K|48|3
2024-02|12|WOJ. MA£OPOLSKIE|K|64|1
2024-02|12|WOJ. MA£OPOLSKIE|K|62|1
2024-02|12|WOJ. MA£OPOLSKIE|K|30|23
2024-02|12|WOJ. MA£OPOLSKIE|M|20|122
2024-02|12|WOJ. MA£OPOLSKIE|M|23|17
2024-02|12|WOJ. MA£OPOLSKIE|M|21|47
2024-02|12|WOJ. MA£OPOLSKIE|M|33|11
2024-02|12|WOJ. MA£OPOLSKIE|M|41|7
2024-02|12|WOJ. MA£OPOLSKIE|M|38|3
2024-02|12|WOJ. MA£OPOLSKIE|M|34|7
2024-02|12|WOJ. MA£OPOLSKIE|M|24|30
2024-02|12|WOJ. MA£OPOLSKIE|M|18|308
2024-02|12|WOJ. MA£OPOLSKIE|M|42|5
2024-02|12|WOJ. MA£OPOLSKIE|M|39|7
2024-02|12|WOJ. MA£OPOLSKIE|M|26|18
2024-02|12|WOJ. MA£OPOLSKIE|M|29|8
2024-02|12|WOJ. MA£OPOLSKIE|M|46|1
2024-02|12|WOJ. MA£OPOLSKIE|M|17|15
2024-02|12|WOJ. MA£OPOLSKIE|M|52|2
2024-02|12|WOJ. MA£OPOLSKIE|M|50|1
2024-02|12|WOJ. MA£OPOLSKIE|M|40|9
2024-02|12|WOJ. MA£OPOLSKIE|M|65|1
2024-02|12|WOJ. MA£OPOLSKIE|M|28|15
2024-02|12|WOJ. MA£OPOLSKIE|M|30|17
2024-02|12|WOJ. MA£OPOLSKIE|M|61|1
2024-02|12|WOJ. MA£OPOLSKIE|M|19|543
2024-02|12|WOJ. MA£OPOLSKIE|M|27|18
2024-02|12|WOJ. MA£OPOLSKIE|M|22|35
2024-02|12|WOJ. MA£OPOLSKIE|M|47|2
2024-02|12|WOJ. MA£OPOLSKIE|M|56|2
2024-02|12|WOJ. MA£OPOLSKIE|M|25|8
2024-02|12|WOJ. MA£OPOLSKIE|M|31|8
2024-02|12|WOJ. MA£OPOLSKIE|M|48|2
2024-02|12|WOJ. MA£OPOLSKIE|M|16|3
2024-02|12|WOJ. MA£OPOLSKIE|M|36|7
2024-02|12|WOJ. MA£OPOLSKIE|M|43|2
2024-02|12|WOJ. MA£OPOLSKIE|M|32|8
2024-02|12|WOJ. MA£OPOLSKIE|M|37|6
2024-02|12|WOJ. MA£OPOLSKIE|M|35|6
2024-02|12|WOJ. MA£OPOLSKIE|M|51|2
2024-02|12|WOJ. MA£OPOLSKIE|M|44|2
2024-02|14|WOJ. MAZOWIECKIE|K|67|1
2024-02|14|WOJ. MAZOWIECKIE|K|37|15
2024-02|14|WOJ. MAZOWIECKIE|K|25|49
2024-02|14|WOJ. MAZOWIECKIE|K|55|2
2024-02|14|WOJ. MAZOWIECKIE|K|46|3
2024-02|14|WOJ. MAZOWIECKIE|K|57|1
2024-02|14|WOJ. MAZOWIECKIE|K|20|184
2024-02|14|WOJ. MAZOWIECKIE|K|32|22
2024-02|14|WOJ. MAZOWIECKIE|K|39|20
2024-02|14|WOJ. MAZOWIECKIE|K|35|26
2024-02|14|WOJ. MAZOWIECKIE|K|45|9
2024-02|14|WOJ. MAZOWIECKIE|K|47|5
2024-02|14|WOJ. MAZOWIECKIE|K|18|290
2024-02|14|WOJ. MAZOWIECKIE|K|24|45
2024-02|14|WOJ. MAZOWIECKIE|K|17|5
2024-02|14|WOJ. MAZOWIECKIE|K|44|4
2024-02|14|WOJ. MAZOWIECKIE|K|50|2
2024-02|14|WOJ. MAZOWIECKIE|K|52|3
2024-02|14|WOJ. MAZOWIECKIE|K|30|36
2024-02|14|WOJ. MAZOWIECKIE|K|21|78
2024-02|14|WOJ. MAZOWIECKIE|K|28|32
2024-02|14|WOJ. MAZOWIECKIE|K|43|8
2024-02|14|WOJ. MAZOWIECKIE|K|41|16
2024-02|14|WOJ. MAZOWIECKIE|K|51|3
2024-02|14|WOJ. MAZOWIECKIE|K|65|1
2024-02|14|WOJ. MAZOWIECKIE|K|49|1
2024-02|14|WOJ. MAZOWIECKIE|K|31|32
2024-02|14|WOJ. MAZOWIECKIE|K|62|2
2024-02|14|WOJ. MAZOWIECKIE|K|68|2
2024-02|14|WOJ. MAZOWIECKIE|K|66|2
2024-02|14|WOJ. MAZOWIECKIE|K|54|2
2024-02|14|WOJ. MAZOWIECKIE|K|26|42
2024-02|14|WOJ. MAZOWIECKIE|K|59|2
2024-02|14|WOJ. MAZOWIECKIE|K|40|17
2024-02|14|WOJ. MAZOWIECKIE|K|27|47
2024-02|14|WOJ. MAZOWIECKIE|K|34|22
2024-02|14|WOJ. MAZOWIECKIE|K|29|38
2024-02|14|WOJ. MAZOWIECKIE|K|61|3
2024-02|14|WOJ. MAZOWIECKIE|K|19|741
2024-02|14|WOJ. MAZOWIECKIE|K|33|25
2024-02|14|WOJ. MAZOWIECKIE|K|42|12
2024-02|14|WOJ. MAZOWIECKIE|K|36|23
2024-02|14|WOJ. MAZOWIECKIE|K|23|54
2024-02|14|WOJ. MAZOWIECKIE|K|22|53
2024-02|14|WOJ. MAZOWIECKIE|K|63|1
2024-02|14|WOJ. MAZOWIECKIE|K|38|14
2024-02|14|WOJ. MAZOWIECKIE|K|58|3
2024-02|14|WOJ. MAZOWIECKIE|K|48|7
2024-02|14|WOJ. MAZOWIECKIE|K|60|1
2024-02|14|WOJ. MAZOWIECKIE|M|29|19
2024-02|14|WOJ. MAZOWIECKIE|M|62|1
2024-02|14|WOJ. MAZOWIECKIE|M|22|60
2024-02|14|WOJ. MAZOWIECKIE|M|30|24
2024-02|14|WOJ. MAZOWIECKIE|M|59|2
2024-02|14|WOJ. MAZOWIECKIE|M|49|5
2024-02|14|WOJ. MAZOWIECKIE|M|39|7
2024-02|14|WOJ. MAZOWIECKIE|M|45|7
2024-02|14|WOJ. MAZOWIECKIE|M|51|2
2024-02|14|WOJ. MAZOWIECKIE|M|36|14
2024-02|14|WOJ. MAZOWIECKIE|M|37|8
2024-02|14|WOJ. MAZOWIECKIE|M|44|4
2024-02|14|WOJ. MAZOWIECKIE|M|28|21
2024-02|14|WOJ. MAZOWIECKIE|M|47|2
2024-02|14|WOJ. MAZOWIECKIE|M|42|8
2024-02|14|WOJ. MAZOWIECKIE|M|19|911
2024-02|14|WOJ. MAZOWIECKIE|M|41|7
2024-02|14|WOJ. MAZOWIECKIE|M|17|27
2024-02|14|WOJ. MAZOWIECKIE|M|52|3
2024-02|14|WOJ. MAZOWIECKIE|M|53|2
2024-02|14|WOJ. MAZOWIECKIE|M|56|2
2024-02|14|WOJ. MAZOWIECKIE|M|46|1
2024-02|14|WOJ. MAZOWIECKIE|M|48|1
2024-02|14|WOJ. MAZOWIECKIE|M|57|1
2024-02|14|WOJ. MAZOWIECKIE|M|18|374
2024-02|14|WOJ. MAZOWIECKIE|M|23|45
2024-02|14|WOJ. MAZOWIECKIE|M|27|20
2024-02|14|WOJ. MAZOWIECKIE|M|33|18
2024-02|14|WOJ. MAZOWIECKIE|M|40|9
2024-02|14|WOJ. MAZOWIECKIE|M|31|27
2024-02|14|WOJ. MAZOWIECKIE|M|16|7
2024-02|14|WOJ. MAZOWIECKIE|M|21|102
2024-02|14|WOJ. MAZOWIECKIE|M|43|6
2024-02|14|WOJ. MAZOWIECKIE|M|50|2
2024-02|14|WOJ. MAZOWIECKIE|M|61|1
2024-02|14|WOJ. MAZOWIECKIE|M|20|207
2024-02|14|WOJ. MAZOWIECKIE|M|34|15
2024-02|14|WOJ. MAZOWIECKIE|M|24|41
2024-02|14|WOJ. MAZOWIECKIE|M|25|30
2024-02|14|WOJ. MAZOWIECKIE|M|35|18
2024-02|14|WOJ. MAZOWIECKIE|M|32|22
2024-02|14|WOJ. MAZOWIECKIE|M|38|9
2024-02|14|WOJ. MAZOWIECKIE|M|55|1
2024-02|14|WOJ. MAZOWIECKIE|M|26|33
2024-02|16|WOJ. OPOLSKIE|K|22|7
2024-02|16|WOJ. OPOLSKIE|K|31|3
2024-02|16|WOJ. OPOLSKIE|K|29|4
2024-02|16|WOJ. OPOLSKIE|K|41|2
2024-02|16|WOJ. OPOLSKIE|K|42|3
2024-02|16|WOJ. OPOLSKIE|K|45|3
2024-02|16|WOJ. OPOLSKIE|K|32|6
2024-02|16|WOJ. OPOLSKIE|K|30|3
2024-02|16|WOJ. OPOLSKIE|K|23|13
2024-02|16|WOJ. OPOLSKIE|K|40|4
2024-02|16|WOJ. OPOLSKIE|K|36|2
2024-02|16|WOJ. OPOLSKIE|K|24|7
2024-02|16|WOJ. OPOLSKIE|K|21|7
2024-02|16|WOJ. OPOLSKIE|K|52|2
2024-02|16|WOJ. OPOLSKIE|K|57|1
2024-02|16|WOJ. OPOLSKIE|K|33|3
2024-02|16|WOJ. OPOLSKIE|K|25|7
2024-02|16|WOJ. OPOLSKIE|K|47|3
2024-02|16|WOJ. OPOLSKIE|K|38|2
2024-02|16|WOJ. OPOLSKIE|K|44|1
2024-02|16|WOJ. OPOLSKIE|K|54|1
2024-02|16|WOJ. OPOLSKIE|K|26|3
2024-02|16|WOJ. OPOLSKIE|K|19|128
2024-02|16|WOJ. OPOLSKIE|K|20|18
2024-02|16|WOJ. OPOLSKIE|K|35|1
2024-02|16|WOJ. OPOLSKIE|K|18|53
2024-02|16|WOJ. OPOLSKIE|K|50|1
2024-02|16|WOJ. OPOLSKIE|K|39|1
2024-02|16|WOJ. OPOLSKIE|K|27|4
2024-02|16|WOJ. OPOLSKIE|K|37|3
2024-02|16|WOJ. OPOLSKIE|K|28|3
2024-02|16|WOJ. OPOLSKIE|M|37|1
2024-02|16|WOJ. OPOLSKIE|M|36|2
2024-02|16|WOJ. OPOLSKIE|M|54|1
2024-02|16|WOJ. OPOLSKIE|M|52|1
2024-02|16|WOJ. OPOLSKIE|M|40|1
2024-02|16|WOJ. OPOLSKIE|M|19|128
2024-02|16|WOJ. OPOLSKIE|M|32|3
2024-02|16|WOJ. OPOLSKIE|M|21|6
2024-02|16|WOJ. OPOLSKIE|M|33|4
2024-02|16|WOJ. OPOLSKIE|M|38|3
2024-02|16|WOJ. OPOLSKIE|M|41|1
2024-02|16|WOJ. OPOLSKIE|M|28|2
2024-02|16|WOJ. OPOLSKIE|M|20|17
2024-02|16|WOJ. OPOLSKIE|M|49|1
2024-02|16|WOJ. OPOLSKIE|M|22|9
2024-02|16|WOJ. OPOLSKIE|M|39|1
2024-02|16|WOJ. OPOLSKIE|M|16|7
2024-02|16|WOJ. OPOLSKIE|M|30|3
2024-02|16|WOJ. OPOLSKIE|M|43|2
2024-02|16|WOJ. OPOLSKIE|M|25|3
2024-02|16|WOJ. OPOLSKIE|M|23|8
2024-02|16|WOJ. OPOLSKIE|M|34|2
2024-02|16|WOJ. OPOLSKIE|M|64|1
2024-02|16|WOJ. OPOLSKIE|M|29|3
2024-02|16|WOJ. OPOLSKIE|M|35|4
2024-02|16|WOJ. OPOLSKIE|M|51|1
2024-02|16|WOJ. OPOLSKIE|M|18|64
2024-02|16|WOJ. OPOLSKIE|M|26|2
2024-02|16|WOJ. OPOLSKIE|M|31|4
2024-02|16|WOJ. OPOLSKIE|M|48|1
2024-02|16|WOJ. OPOLSKIE|M|27|4
2024-02|16|WOJ. OPOLSKIE|M|24|4
2024-02|16|WOJ. OPOLSKIE|M|17|5
2024-02|18|WOJ. PODKARPACKIE|K|32|9
2024-02|18|WOJ. PODKARPACKIE|K|31|10
2024-02|18|WOJ. PODKARPACKIE|K|20|42
2024-02|18|WOJ. PODKARPACKIE|K|36|5
2024-02|18|WOJ. PODKARPACKIE|K|50|1
2024-02|18|WOJ. PODKARPACKIE|K|42|1
2024-02|18|WOJ. PODKARPACKIE|K|61|1
2024-02|18|WOJ. PODKARPACKIE|K|18|247
2024-02|18|WOJ. PODKARPACKIE|K|21|18
2024-02|18|WOJ. PODKARPACKIE|K|39|2
2024-02|18|WOJ. PODKARPACKIE|K|25|8
2024-02|18|WOJ. PODKARPACKIE|K|41|2
2024-02|18|WOJ. PODKARPACKIE|K|44|1
2024-02|18|WOJ. PODKARPACKIE|K|19|311
2024-02|18|WOJ. PODKARPACKIE|K|27|10
2024-02|18|WOJ. PODKARPACKIE|K|56|1
2024-02|18|WOJ. PODKARPACKIE|K|38|2
2024-02|18|WOJ. PODKARPACKIE|K|26|7
2024-02|18|WOJ. PODKARPACKIE|K|24|10
2024-02|18|WOJ. PODKARPACKIE|K|30|6
2024-02|18|WOJ. PODKARPACKIE|K|46|5
2024-02|18|WOJ. PODKARPACKIE|K|37|5
2024-02|18|WOJ. PODKARPACKIE|K|51|1
2024-02|18|WOJ. PODKARPACKIE|K|49|1
2024-02|18|WOJ. PODKARPACKIE|K|23|5
2024-02|18|WOJ. PODKARPACKIE|K|28|7
2024-02|18|WOJ. PODKARPACKIE|K|57|2
2024-02|18|WOJ. PODKARPACKIE|K|52|1
2024-02|18|WOJ. PODKARPACKIE|K|40|2
2024-02|18|WOJ. PODKARPACKIE|K|22|17
2024-02|18|WOJ. PODKARPACKIE|K|34|2
2024-02|18|WOJ. PODKARPACKIE|K|45|4
2024-02|18|WOJ. PODKARPACKIE|K|47|1
2024-02|18|WOJ. PODKARPACKIE|K|29|4
2024-02|18|WOJ. PODKARPACKIE|K|43|4
2024-02|18|WOJ. PODKARPACKIE|K|35|3
2024-02|18|WOJ. PODKARPACKIE|K|53|3
2024-02|18|WOJ. PODKARPACKIE|K|33|6
2024-02|18|WOJ. PODKARPACKIE|M|28|6
2024-02|18|WOJ. PODKARPACKIE|M|50|1
2024-02|18|WOJ. PODKARPACKIE|M|41|2
2024-02|18|WOJ. PODKARPACKIE|M|23|10
2024-02|18|WOJ. PODKARPACKIE|M|22|14
2024-02|18|WOJ. PODKARPACKIE|M|25|7
2024-02|18|WOJ. PODKARPACKIE|M|47|2
2024-02|18|WOJ. PODKARPACKIE|M|52|1
2024-02|18|WOJ. PODKARPACKIE|M|21|23
2024-02|18|WOJ. PODKARPACKIE|M|19|305
2024-02|18|WOJ. PODKARPACKIE|M|40|6
2024-02|18|WOJ. PODKARPACKIE|M|31|4
2024-02|18|WOJ. PODKARPACKIE|M|44|1
2024-02|18|WOJ. PODKARPACKIE|M|18|286
2024-02|18|WOJ. PODKARPACKIE|M|34|6
2024-02|18|WOJ. PODKARPACKIE|M|17|12
2024-02|18|WOJ. PODKARPACKIE|M|54|2
2024-02|18|WOJ. PODKARPACKIE|M|61|1
2024-02|18|WOJ. PODKARPACKIE|M|51|1
2024-02|18|WOJ. PODKARPACKIE|M|46|1
2024-02|18|WOJ. PODKARPACKIE|M|56|1
2024-02|18|WOJ. PODKARPACKIE|M|48|2
2024-02|18|WOJ. PODKARPACKIE|M|43|2
2024-02|18|WOJ. PODKARPACKIE|M|20|40
2024-02|18|WOJ. PODKARPACKIE|M|24|9
2024-02|18|WOJ. PODKARPACKIE|M|33|5
2024-02|18|WOJ. PODKARPACKIE|M|37|6
2024-02|18|WOJ. PODKARPACKIE|M|30|2
2024-02|18|WOJ. PODKARPACKIE|M|26|9
2024-02|18|WOJ. PODKARPACKIE|M|39|4
2024-02|18|WOJ. PODKARPACKIE|M|42|3
2024-02|18|WOJ. PODKARPACKIE|M|36|4
2024-02|18|WOJ. PODKARPACKIE|M|27|11
2024-02|18|WOJ. PODKARPACKIE|M|29|7
2024-02|18|WOJ. PODKARPACKIE|M|35|3
2024-02|18|WOJ. PODKARPACKIE|M|49|2
2024-02|18|WOJ. PODKARPACKIE|M|16|3
2024-02|18|WOJ. PODKARPACKIE|M|55|1
2024-02|18|WOJ. PODKARPACKIE|M|32|2
2024-02|18|WOJ. PODKARPACKIE|M|38|1
2024-02|20|WOJ. PODLASKIE|K|22|8
2024-02|20|WOJ. PODLASKIE|K|34|1
2024-02|20|WOJ. PODLASKIE|K|28|11
2024-02|20|WOJ. PODLASKIE|K|41|2
2024-02|20|WOJ. PODLASKIE|K|42|1
2024-02|20|WOJ. PODLASKIE|K|25|5
2024-02|20|WOJ. PODLASKIE|K|47|2
2024-02|20|WOJ. PODLASKIE|K|52|2
2024-02|20|WOJ. PODLASKIE|K|38|2
2024-02|20|WOJ. PODLASKIE|K|46|1
2024-02|20|WOJ. PODLASKIE|K|19|149
2024-02|20|WOJ. PODLASKIE|K|32|2
2024-02|20|WOJ. PODLASKIE|K|17|1
2024-02|20|WOJ. PODLASKIE|K|21|8
2024-02|20|WOJ. PODLASKIE|K|39|3
2024-02|20|WOJ. PODLASKIE|K|56|1
2024-02|20|WOJ. PODLASKIE|K|27|5
2024-02|20|WOJ. PODLASKIE|K|31|3
2024-02|20|WOJ. PODLASKIE|K|23|5
2024-02|20|WOJ. PODLASKIE|K|37|4
2024-02|20|WOJ. PODLASKIE|K|40|1
2024-02|20|WOJ. PODLASKIE|K|43|3
2024-02|20|WOJ. PODLASKIE|K|36|4
2024-02|20|WOJ. PODLASKIE|K|18|122
2024-02|20|WOJ. PODLASKIE|K|49|1
2024-02|20|WOJ. PODLASKIE|K|20|20
2024-02|20|WOJ. PODLASKIE|K|30|2
2024-02|20|WOJ. PODLASKIE|K|24|4
2024-02|20|WOJ. PODLASKIE|K|29|6
2024-02|20|WOJ. PODLASKIE|K|26|1
2024-02|20|WOJ. PODLASKIE|K|58|2
2024-02|20|WOJ. PODLASKIE|K|33|5
2024-02|20|WOJ. PODLASKIE|M|19|124
2024-02|20|WOJ. PODLASKIE|M|33|3
2024-02|20|WOJ. PODLASKIE|M|57|1
2024-02|20|WOJ. PODLASKIE|M|43|1
2024-02|20|WOJ. PODLASKIE|M|18|135
2024-02|20|WOJ. PODLASKIE|M|59|2
2024-02|20|WOJ. PODLASKIE|M|35|5
2024-02|20|WOJ. PODLASKIE|M|29|4
2024-02|20|WOJ. PODLASKIE|M|27|3
2024-02|20|WOJ. PODLASKIE|M|36|2
2024-02|20|WOJ. PODLASKIE|M|50|1
2024-02|20|WOJ. PODLASKIE|M|17|13
2024-02|20|WOJ. PODLASKIE|M|31|5
2024-02|20|WOJ. PODLASKIE|M|21|8
2024-02|20|WOJ. PODLASKIE|M|38|2
2024-02|20|WOJ. PODLASKIE|M|61|1
2024-02|20|WOJ. PODLASKIE|M|41|3
2024-02|20|WOJ. PODLASKIE|M|34|2
2024-02|20|WOJ. PODLASKIE|M|24|4
2024-02|20|WOJ. PODLASKIE|M|30|8
2024-02|20|WOJ. PODLASKIE|M|20|24
2024-02|20|WOJ. PODLASKIE|M|28|4
2024-02|20|WOJ. PODLASKIE|M|25|5
2024-02|20|WOJ. PODLASKIE|M|40|1
2024-02|20|WOJ. PODLASKIE|M|37|2
2024-02|20|WOJ. PODLASKIE|M|45|1
2024-02|20|WOJ. PODLASKIE|M|16|7
2024-02|20|WOJ. PODLASKIE|M|22|5
2024-02|20|WOJ. PODLASKIE|M|53|1
2024-02|20|WOJ. PODLASKIE|M|51|1
2024-02|20|WOJ. PODLASKIE|M|23|7
2024-02|20|WOJ. PODLASKIE|M|26|1
2024-02|22|WOJ. POMORSKIE|K|37|10
2024-02|22|WOJ. POMORSKIE|K|36|7
2024-02|22|WOJ. POMORSKIE|K|28|20
2024-02|22|WOJ. POMORSKIE|K|18|105
2024-02|22|WOJ. POMORSKIE|K|57|1
2024-02|22|WOJ. POMORSKIE|K|55|2
2024-02|22|WOJ. POMORSKIE|K|42|3
2024-02|22|WOJ. POMORSKIE|K|59|1
2024-02|22|WOJ. POMORSKIE|K|23|20
2024-02|22|WOJ. POMORSKIE|K|20|74
2024-02|22|WOJ. POMORSKIE|K|34|10
2024-02|22|WOJ. POMORSKIE|K|30|19
2024-02|22|WOJ. POMORSKIE|K|60|1
2024-02|22|WOJ. POMORSKIE|K|26|14
2024-02|22|WOJ. POMORSKIE|K|52|3
2024-02|22|WOJ. POMORSKIE|K|25|19
2024-02|22|WOJ. POMORSKIE|K|22|29
2024-02|22|WOJ. POMORSKIE|K|51|1
2024-02|22|WOJ. POMORSKIE|K|38|7
2024-02|22|WOJ. POMORSKIE|K|40|14
2024-02|22|WOJ. POMORSKIE|K|39|5
2024-02|22|WOJ. POMORSKIE|K|54|4
2024-02|22|WOJ. POMORSKIE|K|24|17
2024-02|22|WOJ. POMORSKIE|K|58|1
2024-02|22|WOJ. POMORSKIE|K|46|5
2024-02|22|WOJ. POMORSKIE|K|50|3
2024-02|22|WOJ. POMORSKIE|K|17|3
2024-02|22|WOJ. POMORSKIE|K|45|3
2024-02|22|WOJ. POMORSKIE|K|48|3
2024-02|22|WOJ. POMORSKIE|K|31|15
2024-02|22|WOJ. POMORSKIE|K|27|22
2024-02|22|WOJ. POMORSKIE|K|47|3
2024-02|22|WOJ. POMORSKIE|K|41|6
2024-02|22|WOJ. POMORSKIE|K|35|12
2024-02|22|WOJ. POMORSKIE|K|32|16
2024-02|22|WOJ. POMORSKIE|K|29|13
2024-02|22|WOJ. POMORSKIE|K|49|4
2024-02|22|WOJ. POMORSKIE|K|19|392
2024-02|22|WOJ. POMORSKIE|K|33|14
2024-02|22|WOJ. POMORSKIE|K|43|7
2024-02|22|WOJ. POMORSKIE|K|44|2
2024-02|22|WOJ. POMORSKIE|K|65|1
2024-02|22|WOJ. POMORSKIE|K|21|40
2024-02|22|WOJ. POMORSKIE|M|50|1
2024-02|22|WOJ. POMORSKIE|M|48|5
2024-02|22|WOJ. POMORSKIE|M|57|1
2024-02|22|WOJ. POMORSKIE|M|34|9
2024-02|22|WOJ. POMORSKIE|M|38|7
2024-02|22|WOJ. POMORSKIE|M|64|1
2024-02|22|WOJ. POMORSKIE|M|39|5
2024-02|22|WOJ. POMORSKIE|M|36|11
2024-02|22|WOJ. POMORSKIE|M|26|11
2024-02|22|WOJ. POMORSKIE|M|41|6
2024-02|22|WOJ. POMORSKIE|M|51|2
2024-02|22|WOJ. POMORSKIE|M|27|9
2024-02|22|WOJ. POMORSKIE|M|37|4
2024-02|22|WOJ. POMORSKIE|M|42|6
2024-02|22|WOJ. POMORSKIE|M|46|1
2024-02|22|WOJ. POMORSKIE|M|49|3
2024-02|22|WOJ. POMORSKIE|M|40|5
2024-02|22|WOJ. POMORSKIE|M|33|7
2024-02|22|WOJ. POMORSKIE|M|44|5
2024-02|22|WOJ. POMORSKIE|M|29|10
2024-02|22|WOJ. POMORSKIE|M|17|9
2024-02|22|WOJ. POMORSKIE|M|53|3
2024-02|22|WOJ. POMORSKIE|M|43|3
2024-02|22|WOJ. POMORSKIE|M|45|2
2024-02|22|WOJ. POMORSKIE|M|62|1
2024-02|22|WOJ. POMORSKIE|M|67|1
2024-02|22|WOJ. POMORSKIE|M|18|158
2024-02|22|WOJ. POMORSKIE|M|23|19
2024-02|22|WOJ. POMORSKIE|M|20|84
2024-02|22|WOJ. POMORSKIE|M|31|7
2024-02|22|WOJ. POMORSKIE|M|25|16
2024-02|22|WOJ. POMORSKIE|M|35|7
2024-02|22|WOJ. POMORSKIE|M|30|14
2024-02|22|WOJ. POMORSKIE|M|28|11
2024-02|22|WOJ. POMORSKIE|M|24|18
2024-02|22|WOJ. POMORSKIE|M|70|1
2024-02|22|WOJ. POMORSKIE|M|19|374
2024-02|22|WOJ. POMORSKIE|M|16|4
2024-02|22|WOJ. POMORSKIE|M|54|1
2024-02|22|WOJ. POMORSKIE|M|21|58
2024-02|22|WOJ. POMORSKIE|M|22|25
2024-02|22|WOJ. POMORSKIE|M|32|11
2024-02|24|WOJ. ŒL¥SKIE|K|51|3
2024-02|24|WOJ. ŒL¥SKIE|K|61|1
2024-02|24|WOJ. ŒL¥SKIE|K|23|51
2024-02|24|WOJ. ŒL¥SKIE|K|27|17
2024-02|24|WOJ. ŒL¥SKIE|K|39|15
2024-02|24|WOJ. ŒL¥SKIE|K|40|13
2024-02|24|WOJ. ŒL¥SKIE|K|55|2
2024-02|24|WOJ. ŒL¥SKIE|K|48|2
2024-02|24|WOJ. ŒL¥SKIE|K|37|12
2024-02|24|WOJ. ŒL¥SKIE|K|43|9
2024-02|24|WOJ. ŒL¥SKIE|K|53|2
2024-02|24|WOJ. ŒL¥SKIE|K|16|2
2024-02|24|WOJ. ŒL¥SKIE|K|17|1
2024-02|24|WOJ. ŒL¥SKIE|K|20|156
2024-02|24|WOJ. ŒL¥SKIE|K|38|16
2024-02|24|WOJ. ŒL¥SKIE|K|46|6
2024-02|24|WOJ. ŒL¥SKIE|K|25|25
2024-02|24|WOJ. ŒL¥SKIE|K|44|7
2024-02|24|WOJ. ŒL¥SKIE|K|31|22
2024-02|24|WOJ. ŒL¥SKIE|K|56|1
2024-02|24|WOJ. ŒL¥SKIE|K|50|2
2024-02|24|WOJ. ŒL¥SKIE|K|30|13
2024-02|24|WOJ. ŒL¥SKIE|K|41|22
2024-02|24|WOJ. ŒL¥SKIE|K|35|14
2024-02|24|WOJ. ŒL¥SKIE|K|42|8
2024-02|24|WOJ. ŒL¥SKIE|K|32|28
2024-02|24|WOJ. ŒL¥SKIE|K|33|17
2024-02|24|WOJ. ŒL¥SKIE|K|47|5
2024-02|24|WOJ. ŒL¥SKIE|K|65|1
2024-02|24|WOJ. ŒL¥SKIE|K|34|23
2024-02|24|WOJ. ŒL¥SKIE|K|21|62
2024-02|24|WOJ. ŒL¥SKIE|K|28|24
2024-02|24|WOJ. ŒL¥SKIE|K|29|21
2024-02|24|WOJ. ŒL¥SKIE|K|36|18
2024-02|24|WOJ. ŒL¥SKIE|K|57|1
2024-02|24|WOJ. ŒL¥SKIE|K|52|1
2024-02|24|WOJ. ŒL¥SKIE|K|58|2
2024-02|24|WOJ. ŒL¥SKIE|K|24|40
2024-02|24|WOJ. ŒL¥SKIE|K|18|159
2024-02|24|WOJ. ŒL¥SKIE|K|22|37
2024-02|24|WOJ. ŒL¥SKIE|K|26|23
2024-02|24|WOJ. ŒL¥SKIE|K|45|14
2024-02|24|WOJ. ŒL¥SKIE|K|49|6
2024-02|24|WOJ. ŒL¥SKIE|K|64|1
2024-02|24|WOJ. ŒL¥SKIE|K|19|677
2024-02|24|WOJ. ŒL¥SKIE|M|18|313
2024-02|24|WOJ. ŒL¥SKIE|M|22|33
2024-02|24|WOJ. ŒL¥SKIE|M|21|47
2024-02|24|WOJ. ŒL¥SKIE|M|44|6
2024-02|24|WOJ. ŒL¥SKIE|M|30|14
2024-02|24|WOJ. ŒL¥SKIE|M|32|10
2024-02|24|WOJ. ŒL¥SKIE|M|17|6
2024-02|24|WOJ. ŒL¥SKIE|M|58|1
2024-02|24|WOJ. ŒL¥SKIE|M|29|23
2024-02|24|WOJ. ŒL¥SKIE|M|20|141
2024-02|24|WOJ. ŒL¥SKIE|M|36|5
2024-02|24|WOJ. ŒL¥SKIE|M|54|1
2024-02|24|WOJ. ŒL¥SKIE|M|39|9
2024-02|24|WOJ. ŒL¥SKIE|M|16|3
2024-02|24|WOJ. ŒL¥SKIE|M|19|790
2024-02|24|WOJ. ŒL¥SKIE|M|49|5
2024-02|24|WOJ. ŒL¥SKIE|M|51|3
2024-02|24|WOJ. ŒL¥SKIE|M|45|3
2024-02|24|WOJ. ŒL¥SKIE|M|38|11
2024-02|24|WOJ. ŒL¥SKIE|M|40|11
2024-02|24|WOJ. ŒL¥SKIE|M|46|3
2024-02|24|WOJ. ŒL¥SKIE|M|48|2
2024-02|24|WOJ. ŒL¥SKIE|M|52|2
2024-02|24|WOJ. ŒL¥SKIE|M|56|1
2024-02|24|WOJ. ŒL¥SKIE|M|33|11
2024-02|24|WOJ. ŒL¥SKIE|M|37|7
2024-02|24|WOJ. ŒL¥SKIE|M|35|11
2024-02|24|WOJ. ŒL¥SKIE|M|28|24
2024-02|24|WOJ. ŒL¥SKIE|M|23|28
2024-02|24|WOJ. ŒL¥SKIE|M|31|17
2024-02|24|WOJ. ŒL¥SKIE|M|26|19
2024-02|24|WOJ. ŒL¥SKIE|M|63|1
2024-02|24|WOJ. ŒL¥SKIE|M|25|27
2024-02|24|WOJ. ŒL¥SKIE|M|42|7
2024-02|24|WOJ. ŒL¥SKIE|M|27|20
2024-02|24|WOJ. ŒL¥SKIE|M|41|7
2024-02|24|WOJ. ŒL¥SKIE|M|50|1
2024-02|24|WOJ. ŒL¥SKIE|M|24|26
2024-02|24|WOJ. ŒL¥SKIE|M|34|9
2024-02|24|WOJ. ŒL¥SKIE|M|43|11
2024-02|26|WOJ. ŒWIÊTOKRZYSKIE|K|32|9
2024-02|26|WOJ. ŒWIÊTOKRZYSKIE|K|19|150
2024-02|26|WOJ. ŒWIÊTOKRZYSKIE|K|20|19
2024-02|26|WOJ. ŒWIÊTOKRZYSKIE|K|29|7
2024-02|26|WOJ. ŒWIÊTOKRZYSKIE|K|45|2
2024-02|26|WOJ. ŒWIÊTOKRZYSKIE|K|33|2
2024-02|26|WOJ. ŒWIÊTOKRZYSKIE|K|46|1
2024-02|26|WOJ. ŒWIÊTOKRZYSKIE|K|39|1
2024-02|26|WOJ. ŒWIÊTOKRZYSKIE|K|28|4
2024-02|26|WOJ. ŒWIÊTOKRZYSKIE|K|53|1
2024-02|26|WOJ. ŒWIÊTOKRZYSKIE|K|44|1
2024-02|26|WOJ. ŒWIÊTOKRZYSKIE|K|37|7
2024-02|26|WOJ. ŒWIÊTOKRZYSKIE|K|49|2
2024-02|26|WOJ. ŒWIÊTOKRZYSKIE|K|40|5
2024-02|26|WOJ. ŒWIÊTOKRZYSKIE|K|54|1
2024-02|26|WOJ. ŒWIÊTOKRZYSKIE|K|56|2
2024-02|26|WOJ. ŒWIÊTOKRZYSKIE|K|52|3
2024-02|26|WOJ. ŒWIÊTOKRZYSKIE|K|51|1
2024-02|26|WOJ. ŒWIÊTOKRZYSKIE|K|41|4
2024-02|26|WOJ. ŒWIÊTOKRZYSKIE|K|57|1
2024-02|26|WOJ. ŒWIÊTOKRZYSKIE|K|31|2
2024-02|26|WOJ. ŒWIÊTOKRZYSKIE|K|60|1
2024-02|26|WOJ. ŒWIÊTOKRZYSKIE|K|59|1
2024-02|26|WOJ. ŒWIÊTOKRZYSKIE|K|30|8
2024-02|26|WOJ. ŒWIÊTOKRZYSKIE|K|21|10
2024-02|26|WOJ. ŒWIÊTOKRZYSKIE|K|26|5
2024-02|26|WOJ. ŒWIÊTOKRZYSKIE|K|16|1
2024-02|26|WOJ. ŒWIÊTOKRZYSKIE|K|35|4
2024-02|26|WOJ. ŒWIÊTOKRZYSKIE|K|55|1
2024-02|26|WOJ. ŒWIÊTOKRZYSKIE|K|50|4
2024-02|26|WOJ. ŒWIÊTOKRZYSKIE|K|24|4
2024-02|26|WOJ. ŒWIÊTOKRZYSKIE|K|47|2
2024-02|26|WOJ. ŒWIÊTOKRZYSKIE|K|48|1
2024-02|26|WOJ. ŒWIÊTOKRZYSKIE|K|18|94
2024-02|26|WOJ. ŒWIÊTOKRZYSKIE|K|58|1
2024-02|26|WOJ. ŒWIÊTOKRZYSKIE|K|25|6
2024-02|26|WOJ. ŒWIÊTOKRZYSKIE|K|43|2
2024-02|26|WOJ. ŒWIÊTOKRZYSKIE|K|34|4
2024-02|26|WOJ. ŒWIÊTOKRZYSKIE|K|22|13
2024-02|26|WOJ. ŒWIÊTOKRZYSKIE|K|23|6
2024-02|26|WOJ. ŒWIÊTOKRZYSKIE|K|36|3
2024-02|26|WOJ. ŒWIÊTOKRZYSKIE|K|38|2
2024-02|26|WOJ. ŒWIÊTOKRZYSKIE|K|27|3
2024-02|26|WOJ. ŒWIÊTOKRZYSKIE|M|66|1
2024-02|26|WOJ. ŒWIÊTOKRZYSKIE|M|17|7
2024-02|26|WOJ. ŒWIÊTOKRZYSKIE|M|65|1
2024-02|26|WOJ. ŒWIÊTOKRZYSKIE|M|30|4
2024-02|26|WOJ. ŒWIÊTOKRZYSKIE|M|28|4
2024-02|26|WOJ. ŒWIÊTOKRZYSKIE|M|21|10
2024-02|26|WOJ. ŒWIÊTOKRZYSKIE|M|39|2
2024-02|26|WOJ. ŒWIÊTOKRZYSKIE|M|31|3
2024-02|26|WOJ. ŒWIÊTOKRZYSKIE|M|33|3
2024-02|26|WOJ. ŒWIÊTOKRZYSKIE|M|37|2
2024-02|26|WOJ. ŒWIÊTOKRZYSKIE|M|32|2
2024-02|26|WOJ. ŒWIÊTOKRZYSKIE|M|26|5
2024-02|26|WOJ. ŒWIÊTOKRZYSKIE|M|49|2
2024-02|26|WOJ. ŒWIÊTOKRZYSKIE|M|20|20
2024-02|26|WOJ. ŒWIÊTOKRZYSKIE|M|45|1
2024-02|26|WOJ. ŒWIÊTOKRZYSKIE|M|27|6
2024-02|26|WOJ. ŒWIÊTOKRZYSKIE|M|22|4
2024-02|26|WOJ. ŒWIÊTOKRZYSKIE|M|35|2
2024-02|26|WOJ. ŒWIÊTOKRZYSKIE|M|40|5
2024-02|26|WOJ. ŒWIÊTOKRZYSKIE|M|42|3
2024-02|26|WOJ. ŒWIÊTOKRZYSKIE|M|19|159
2024-02|26|WOJ. ŒWIÊTOKRZYSKIE|M|24|3
2024-02|26|WOJ. ŒWIÊTOKRZYSKIE|M|23|3
2024-02|26|WOJ. ŒWIÊTOKRZYSKIE|M|44|1
2024-02|26|WOJ. ŒWIÊTOKRZYSKIE|M|46|1
2024-02|26|WOJ. ŒWIÊTOKRZYSKIE|M|16|2
2024-02|26|WOJ. ŒWIÊTOKRZYSKIE|M|18|137
2024-02|26|WOJ. ŒWIÊTOKRZYSKIE|M|36|1
2024-02|26|WOJ. ŒWIÊTOKRZYSKIE|M|25|6
2024-02|26|WOJ. ŒWIÊTOKRZYSKIE|M|38|1
2024-02|26|WOJ. ŒWIÊTOKRZYSKIE|M|41|2
2024-02|26|WOJ. ŒWIÊTOKRZYSKIE|M|34|1
2024-02|28|WOJ. WARMIÑSKO-MAZURSKIE|K|18|94
2024-02|28|WOJ. WARMIÑSKO-MAZURSKIE|K|22|12
2024-02|28|WOJ. WARMIÑSKO-MAZURSKIE|K|42|7
2024-02|28|WOJ. WARMIÑSKO-MAZURSKIE|K|46|3
2024-02|28|WOJ. WARMIÑSKO-MAZURSKIE|K|32|3
2024-02|28|WOJ. WARMIÑSKO-MAZURSKIE|K|41|6
2024-02|28|WOJ. WARMIÑSKO-MAZURSKIE|K|25|1
2024-02|28|WOJ. WARMIÑSKO-MAZURSKIE|K|50|1
2024-02|28|WOJ. WARMIÑSKO-MAZURSKIE|K|59|2
2024-02|28|WOJ. WARMIÑSKO-MAZURSKIE|K|20|34
2024-02|28|WOJ. WARMIÑSKO-MAZURSKIE|K|36|4
2024-02|28|WOJ. WARMIÑSKO-MAZURSKIE|K|44|4
2024-02|28|WOJ. WARMIÑSKO-MAZURSKIE|K|35|1
2024-02|28|WOJ. WARMIÑSKO-MAZURSKIE|K|23|4
2024-02|28|WOJ. WARMIÑSKO-MAZURSKIE|K|43|4
2024-02|28|WOJ. WARMIÑSKO-MAZURSKIE|K|19|208
2024-02|28|WOJ. WARMIÑSKO-MAZURSKIE|K|34|5
2024-02|28|WOJ. WARMIÑSKO-MAZURSKIE|K|48|1
2024-02|28|WOJ. WARMIÑSKO-MAZURSKIE|K|28|7
2024-02|28|WOJ. WARMIÑSKO-MAZURSKIE|K|33|7
2024-02|28|WOJ. WARMIÑSKO-MAZURSKIE|K|56|1
2024-02|28|WOJ. WARMIÑSKO-MAZURSKIE|K|27|4
2024-02|28|WOJ. WARMIÑSKO-MAZURSKIE|K|26|3
2024-02|28|WOJ. WARMIÑSKO-MAZURSKIE|K|47|2
2024-02|28|WOJ. WARMIÑSKO-MAZURSKIE|K|51|3
2024-02|28|WOJ. WARMIÑSKO-MAZURSKIE|K|17|1
2024-02|28|WOJ. WARMIÑSKO-MAZURSKIE|K|21|22
2024-02|28|WOJ. WARMIÑSKO-MAZURSKIE|K|29|6
2024-02|28|WOJ. WARMIÑSKO-MAZURSKIE|K|52|1
2024-02|28|WOJ. WARMIÑSKO-MAZURSKIE|K|24|10
2024-02|28|WOJ. WARMIÑSKO-MAZURSKIE|K|38|3
2024-02|28|WOJ. WARMIÑSKO-MAZURSKIE|K|53|2
2024-02|28|WOJ. WARMIÑSKO-MAZURSKIE|K|39|4
2024-02|28|WOJ. WARMIÑSKO-MAZURSKIE|K|40|5
2024-02|28|WOJ. WARMIÑSKO-MAZURSKIE|K|45|2
2024-02|28|WOJ. WARMIÑSKO-MAZURSKIE|K|31|6
2024-02|28|WOJ. WARMIÑSKO-MAZURSKIE|K|37|4
2024-02|28|WOJ. WARMIÑSKO-MAZURSKIE|M|41|2
2024-02|28|WOJ. WARMIÑSKO-MAZURSKIE|M|18|131
2024-02|28|WOJ. WARMIÑSKO-MAZURSKIE|M|43|1
2024-02|28|WOJ. WARMIÑSKO-MAZURSKIE|M|32|2
2024-02|28|WOJ. WARMIÑSKO-MAZURSKIE|M|39|1
2024-02|28|WOJ. WARMIÑSKO-MAZURSKIE|M|21|16
2024-02|28|WOJ. WARMIÑSKO-MAZURSKIE|M|34|5
2024-02|28|WOJ. WARMIÑSKO-MAZURSKIE|M|51|1
2024-02|28|WOJ. WARMIÑSKO-MAZURSKIE|M|25|3
2024-02|28|WOJ. WARMIÑSKO-MAZURSKIE|M|61|1
2024-02|28|WOJ. WARMIÑSKO-MAZURSKIE|M|38|2
2024-02|28|WOJ. WARMIÑSKO-MAZURSKIE|M|45|2
2024-02|28|WOJ. WARMIÑSKO-MAZURSKIE|M|16|2
2024-02|28|WOJ. WARMIÑSKO-MAZURSKIE|M|47|2
2024-02|28|WOJ. WARMIÑSKO-MAZURSKIE|M|55|1
2024-02|28|WOJ. WARMIÑSKO-MAZURSKIE|M|44|1
2024-02|28|WOJ. WARMIÑSKO-MAZURSKIE|M|19|202
2024-02|28|WOJ. WARMIÑSKO-MAZURSKIE|M|52|1
2024-02|28|WOJ. WARMIÑSKO-MAZURSKIE|M|35|4
2024-02|28|WOJ. WARMIÑSKO-MAZURSKIE|M|23|2
2024-02|28|WOJ. WARMIÑSKO-MAZURSKIE|M|17|9
2024-02|28|WOJ. WARMIÑSKO-MAZURSKIE|M|33|2
2024-02|28|WOJ. WARMIÑSKO-MAZURSKIE|M|40|5
2024-02|28|WOJ. WARMIÑSKO-MAZURSKIE|M|50|1
2024-02|28|WOJ. WARMIÑSKO-MAZURSKIE|M|22|13
2024-02|28|WOJ. WARMIÑSKO-MAZURSKIE|M|24|7
2024-02|28|WOJ. WARMIÑSKO-MAZURSKIE|M|30|6
2024-02|28|WOJ. WARMIÑSKO-MAZURSKIE|M|42|2
2024-02|28|WOJ. WARMIÑSKO-MAZURSKIE|M|36|1
2024-02|28|WOJ. WARMIÑSKO-MAZURSKIE|M|28|5
2024-02|28|WOJ. WARMIÑSKO-MAZURSKIE|M|49|2
2024-02|28|WOJ. WARMIÑSKO-MAZURSKIE|M|46|2
2024-02|28|WOJ. WARMIÑSKO-MAZURSKIE|M|56|1
2024-02|28|WOJ. WARMIÑSKO-MAZURSKIE|M|20|32
2024-02|28|WOJ. WARMIÑSKO-MAZURSKIE|M|29|7
2024-02|28|WOJ. WARMIÑSKO-MAZURSKIE|M|26|4
2024-02|28|WOJ. WARMIÑSKO-MAZURSKIE|M|27|4
2024-02|28|WOJ. WARMIÑSKO-MAZURSKIE|M|31|4
2024-02|28|WOJ. WARMIÑSKO-MAZURSKIE|M|37|6
2024-02|30|WOJ. WIELKOPOLSKIE|K|35|6
2024-02|30|WOJ. WIELKOPOLSKIE|K|69|1
2024-02|30|WOJ. WIELKOPOLSKIE|K|28|21
2024-02|30|WOJ. WIELKOPOLSKIE|K|18|268
2024-02|30|WOJ. WIELKOPOLSKIE|K|37|11
2024-02|30|WOJ. WIELKOPOLSKIE|K|30|15
2024-02|30|WOJ. WIELKOPOLSKIE|K|20|94
2024-02|30|WOJ. WIELKOPOLSKIE|K|16|1
2024-02|30|WOJ. WIELKOPOLSKIE|K|48|1
2024-02|30|WOJ. WIELKOPOLSKIE|K|33|21
2024-02|30|WOJ. WIELKOPOLSKIE|K|21|52
2024-02|30|WOJ. WIELKOPOLSKIE|K|23|23
2024-02|30|WOJ. WIELKOPOLSKIE|K|56|4
2024-02|30|WOJ. WIELKOPOLSKIE|K|49|3
2024-02|30|WOJ. WIELKOPOLSKIE|K|31|24
2024-02|30|WOJ. WIELKOPOLSKIE|K|24|14
2024-02|30|WOJ. WIELKOPOLSKIE|K|57|1
2024-02|30|WOJ. WIELKOPOLSKIE|K|25|23
2024-02|30|WOJ. WIELKOPOLSKIE|K|50|3
2024-02|30|WOJ. WIELKOPOLSKIE|K|53|3
2024-02|30|WOJ. WIELKOPOLSKIE|K|17|4
2024-02|30|WOJ. WIELKOPOLSKIE|K|26|22
2024-02|30|WOJ. WIELKOPOLSKIE|K|40|7
2024-02|30|WOJ. WIELKOPOLSKIE|K|58|2
2024-02|30|WOJ. WIELKOPOLSKIE|K|62|1
2024-02|30|WOJ. WIELKOPOLSKIE|K|55|1
2024-02|30|WOJ. WIELKOPOLSKIE|K|63|1
2024-02|30|WOJ. WIELKOPOLSKIE|K|52|3
2024-02|30|WOJ. WIELKOPOLSKIE|K|47|4
2024-02|30|WOJ. WIELKOPOLSKIE|K|22|26
2024-02|30|WOJ. WIELKOPOLSKIE|K|27|19
2024-02|30|WOJ. WIELKOPOLSKIE|K|44|3
2024-02|30|WOJ. WIELKOPOLSKIE|K|51|6
2024-02|30|WOJ. WIELKOPOLSKIE|K|46|8
2024-02|30|WOJ. WIELKOPOLSKIE|K|39|10
2024-02|30|WOJ. WIELKOPOLSKIE|K|38|5
2024-02|30|WOJ. WIELKOPOLSKIE|K|41|7
2024-02|30|WOJ. WIELKOPOLSKIE|K|42|8
2024-02|30|WOJ. WIELKOPOLSKIE|K|43|5
2024-02|30|WOJ. WIELKOPOLSKIE|K|29|11
2024-02|30|WOJ. WIELKOPOLSKIE|K|45|3
2024-02|30|WOJ. WIELKOPOLSKIE|K|64|1
2024-02|30|WOJ. WIELKOPOLSKIE|K|54|2
2024-02|30|WOJ. WIELKOPOLSKIE|K|36|13
2024-02|30|WOJ. WIELKOPOLSKIE|K|19|619
2024-02|30|WOJ. WIELKOPOLSKIE|K|32|9
2024-02|30|WOJ. WIELKOPOLSKIE|K|34|16
2024-02|30|WOJ. WIELKOPOLSKIE|M|51|3
2024-02|30|WOJ. WIELKOPOLSKIE|M|38|2
2024-02|30|WOJ. WIELKOPOLSKIE|M|33|12
2024-02|30|WOJ. WIELKOPOLSKIE|M|37|7
2024-02|30|WOJ. WIELKOPOLSKIE|M|31|8
2024-02|30|WOJ. WIELKOPOLSKIE|M|20|111
2024-02|30|WOJ. WIELKOPOLSKIE|M|16|9
2024-02|30|WOJ. WIELKOPOLSKIE|M|29|15
2024-02|30|WOJ. WIELKOPOLSKIE|M|57|1
2024-02|30|WOJ. WIELKOPOLSKIE|M|18|315
2024-02|30|WOJ. WIELKOPOLSKIE|M|17|36
2024-02|30|WOJ. WIELKOPOLSKIE|M|26|19
2024-02|30|WOJ. WIELKOPOLSKIE|M|45|2
2024-02|30|WOJ. WIELKOPOLSKIE|M|50|3
2024-02|30|WOJ. WIELKOPOLSKIE|M|22|20
2024-02|30|WOJ. WIELKOPOLSKIE|M|34|10
2024-02|30|WOJ. WIELKOPOLSKIE|M|27|13
2024-02|30|WOJ. WIELKOPOLSKIE|M|44|3
2024-02|30|WOJ. WIELKOPOLSKIE|M|41|6
2024-02|30|WOJ. WIELKOPOLSKIE|M|24|15
2024-02|30|WOJ. WIELKOPOLSKIE|M|32|10
2024-02|30|WOJ. WIELKOPOLSKIE|M|30|8
2024-02|30|WOJ. WIELKOPOLSKIE|M|40|7
2024-02|30|WOJ. WIELKOPOLSKIE|M|46|1
2024-02|30|WOJ. WIELKOPOLSKIE|M|19|560
2024-02|30|WOJ. WIELKOPOLSKIE|M|39|8
2024-02|30|WOJ. WIELKOPOLSKIE|M|54|2
2024-02|30|WOJ. WIELKOPOLSKIE|M|28|9
2024-02|30|WOJ. WIELKOPOLSKIE|M|36|9
2024-02|30|WOJ. WIELKOPOLSKIE|M|58|1
2024-02|30|WOJ. WIELKOPOLSKIE|M|48|1
2024-02|30|WOJ. WIELKOPOLSKIE|M|55|1
2024-02|30|WOJ. WIELKOPOLSKIE|M|35|5
2024-02|30|WOJ. WIELKOPOLSKIE|M|42|6
2024-02|30|WOJ. WIELKOPOLSKIE|M|47|3
2024-02|30|WOJ. WIELKOPOLSKIE|M|21|43
2024-02|30|WOJ. WIELKOPOLSKIE|M|23|29
2024-02|30|WOJ. WIELKOPOLSKIE|M|25|19
2024-02|30|WOJ. WIELKOPOLSKIE|M|43|5
2024-02|30|WOJ. WIELKOPOLSKIE|M|53|1
2024-02|32|WOJ. ZACHODNIOPOMORSKIE|K|38|7
2024-02|32|WOJ. ZACHODNIOPOMORSKIE|K|42|4
2024-02|32|WOJ. ZACHODNIOPOMORSKIE|K|34|8
2024-02|32|WOJ. ZACHODNIOPOMORSKIE|K|27|16
2024-02|32|WOJ. ZACHODNIOPOMORSKIE|K|45|10
2024-02|32|WOJ. ZACHODNIOPOMORSKIE|K|41|8
2024-02|32|WOJ. ZACHODNIOPOMORSKIE|K|37|9
2024-02|32|WOJ. ZACHODNIOPOMORSKIE|K|46|3
2024-02|32|WOJ. ZACHODNIOPOMORSKIE|K|30|5
2024-02|32|WOJ. ZACHODNIOPOMORSKIE|K|40|3
2024-02|32|WOJ. ZACHODNIOPOMORSKIE|K|21|22
2024-02|32|WOJ. ZACHODNIOPOMORSKIE|K|54|1
2024-02|32|WOJ. ZACHODNIOPOMORSKIE|K|24|8
2024-02|32|WOJ. ZACHODNIOPOMORSKIE|K|53|2
2024-02|32|WOJ. ZACHODNIOPOMORSKIE|K|33|8
2024-02|32|WOJ. ZACHODNIOPOMORSKIE|K|31|11
2024-02|32|WOJ. ZACHODNIOPOMORSKIE|K|36|8
2024-02|32|WOJ. ZACHODNIOPOMORSKIE|K|43|5
2024-02|32|WOJ. ZACHODNIOPOMORSKIE|K|19|185
2024-02|32|WOJ. ZACHODNIOPOMORSKIE|K|23|18
2024-02|32|WOJ. ZACHODNIOPOMORSKIE|K|18|54
2024-02|32|WOJ. ZACHODNIOPOMORSKIE|K|26|11
2024-02|32|WOJ. ZACHODNIOPOMORSKIE|K|20|46
2024-02|32|WOJ. ZACHODNIOPOMORSKIE|K|49|4
2024-02|32|WOJ. ZACHODNIOPOMORSKIE|K|29|18
2024-02|32|WOJ. ZACHODNIOPOMORSKIE|K|44|2
2024-02|32|WOJ. ZACHODNIOPOMORSKIE|K|55|1
2024-02|32|WOJ. ZACHODNIOPOMORSKIE|K|22|19
2024-02|32|WOJ. ZACHODNIOPOMORSKIE|K|59|1
2024-02|32|WOJ. ZACHODNIOPOMORSKIE|K|39|2
2024-02|32|WOJ. ZACHODNIOPOMORSKIE|K|25|11
2024-02|32|WOJ. ZACHODNIOPOMORSKIE|K|35|5
2024-02|32|WOJ. ZACHODNIOPOMORSKIE|K|28|9
2024-02|32|WOJ. ZACHODNIOPOMORSKIE|K|32|8
2024-02|32|WOJ. ZACHODNIOPOMORSKIE|M|32|11
2024-02|32|WOJ. ZACHODNIOPOMORSKIE|M|28|8
2024-02|32|WOJ. ZACHODNIOPOMORSKIE|M|25|10
2024-02|32|WOJ. ZACHODNIOPOMORSKIE|M|36|4
2024-02|32|WOJ. ZACHODNIOPOMORSKIE|M|48|3
2024-02|32|WOJ. ZACHODNIOPOMORSKIE|M|45|6
2024-02|32|WOJ. ZACHODNIOPOMORSKIE|M|35|2
2024-02|32|WOJ. ZACHODNIOPOMORSKIE|M|39|6
2024-02|32|WOJ. ZACHODNIOPOMORSKIE|M|33|9
2024-02|32|WOJ. ZACHODNIOPOMORSKIE|M|53|2
2024-02|32|WOJ. ZACHODNIOPOMORSKIE|M|41|3
2024-02|32|WOJ. ZACHODNIOPOMORSKIE|M|51|2
2024-02|32|WOJ. ZACHODNIOPOMORSKIE|M|38|5
2024-02|32|WOJ. ZACHODNIOPOMORSKIE|M|18|84
2024-02|32|WOJ. ZACHODNIOPOMORSKIE|M|40|4
2024-02|32|WOJ. ZACHODNIOPOMORSKIE|M|47|2
2024-02|32|WOJ. ZACHODNIOPOMORSKIE|M|24|11
2024-02|32|WOJ. ZACHODNIOPOMORSKIE|M|23|12
2024-02|32|WOJ. ZACHODNIOPOMORSKIE|M|21|26
2024-02|32|WOJ. ZACHODNIOPOMORSKIE|M|29|13
2024-02|32|WOJ. ZACHODNIOPOMORSKIE|M|20|46
2024-02|32|WOJ. ZACHODNIOPOMORSKIE|M|26|8
2024-02|32|WOJ. ZACHODNIOPOMORSKIE|M|37|6
2024-02|32|WOJ. ZACHODNIOPOMORSKIE|M|27|7
2024-02|32|WOJ. ZACHODNIOPOMORSKIE|M|17|3
2024-02|32|WOJ. ZACHODNIOPOMORSKIE|M|22|21
2024-02|32|WOJ. ZACHODNIOPOMORSKIE|M|34|5
2024-02|32|WOJ. ZACHODNIOPOMORSKIE|M|54|2
2024-02|32|WOJ. ZACHODNIOPOMORSKIE|M|19|240
2024-02|32|WOJ. ZACHODNIOPOMORSKIE|M|42|2
2024-02|32|WOJ. ZACHODNIOPOMORSKIE|M|31|7
2024-02|32|WOJ. ZACHODNIOPOMORSKIE|M|67|1
2024-02|32|WOJ. ZACHODNIOPOMORSKIE|M|46|5
2024-02|32|WOJ. ZACHODNIOPOMORSKIE|M|57|1
2024-02|32|WOJ. ZACHODNIOPOMORSKIE|M|43|3
2024-02|32|WOJ. ZACHODNIOPOMORSKIE|M|44|4
2024-02|32|WOJ. ZACHODNIOPOMORSKIE|M|30|5
